MMSI,Suspicious
2182807,0
2182809,0
2190045,0
2190047,0
2190048,0
2190049,0
2190051,0
2190052,0
2190064,0
2190065,0
2190066,0
2190067,0
2190068,0
2190069,0
2190071,0
2190072,0
2190073,0
2190074,0
2190075,0
2190076,0
2190077,0
2194005,0
2194006,0
2194016,0
2442001,0
2442002,0
2573115,0
2573135,0
2573145,0
2579999,1782
2614400,0
2614700,0
2655021,0
2655125,0
2655130,0
2655135,0
2655140,0
2655146,0
2655148,0
2655150,0
2655153,0
2655170,0
2655185,0
97000090,0
111211511,321
111219513,1019
111219516,1485
111219519,124
111219520,1239
111265132,234
111265530,104
111265544,183
111265581,170
203247191,0
205196000,0
205210000,0
205214000,0
205482000,2
205689000,0
209014000,1
209114000,0
209144000,0
209151000,0
209183000,0
209184000,6
209216000,0
209275000,0
209325000,2
209336000,4
209391000,0
209392000,0
209449000,3
209525000,1
209530000,3
209535000,0
209536000,0
209610000,21
209664000,0
209672000,0
209702000,0
209717000,1
209731000,0
209864000,4
209867000,0
209970954,0
209982000,0
210051000,0
210071000,0
210095000,0
210155000,0
210164000,0
210174000,1
210189000,0
210253000,0
210281000,0
210290000,1
210299000,0
210307000,0
210332000,0
210350000,0
210359000,8
210387000,0
210399000,9
210425000,7
210455000,0
210510000,2
210525000,4
210547000,8
210549000,8
210552000,1
210586000,3
210731000,0
211100000,0
211101000,0
211101770,0
211105560,0
211105660,0
211105990,0
211113790,0
211130000,0
211130870,0
211135000,16
211138490,0
211141000,0
211147180,0
211150070,0
211152520,0
211156800,0
211158000,0
211168190,0
211169660,0
211181950,0
211187510,0
211188000,8
211190000,3
211192000,0
211200150,0
211202400,0
211202570,0
211202970,0
211205810,0
211206770,0
211207100,0
211208350,0
211209290,0
211210120,0
211210180,0
211210380,0
211211230,0
211211460,1
211211850,0
211212200,0
211212690,0
211214250,0
211215700,1
211216490,0
211216500,0
211219990,2
211222290,0
211222960,0
211223240,0
211223310,0
211224140,0
211224320,0
211224560,0
211224660,0
211225300,0
211225340,0
211225350,0
211225920,0
211226140,0
211226220,0
211226940,0
211226990,0
211227550,0
211243440,0
211243920,0
211247120,0
211255580,0
211265610,0
211266470,0
211267710,0
211269660,1
211269680,4
211269690,0
211274960,0
211277080,0
211278920,0
211282410,0
211282710,0
211282860,0
211282862,0
211282863,0
211282864,0
211283440,0
211284050,0
211284350,0
211286440,3
211290730,0
211290750,0
211291150,0
211291160,0
211291170,0
211293510,0
211293880,0
211297990,0
211298490,0
211301380,0
211302570,0
211302790,2
211305200,0
211312160,0
211316340,0
211317180,13
211319670,0
211324470,0
211325200,0
211325510,0
211333700,18
211334410,0
211337780,0
211341960,0
211356520,0
211362530,0
211363300,0
211364330,0
211369510,0
211376820,0
211379770,0
211383360,0
211395390,0
211395930,0
211398000,0
211399000,0
211400260,0
211404810,0
211405010,0
211409660,0
211410690,8
211411230,0
211413470,0
211417590,1
211440340,0
211440370,0
211444890,0
211445190,0
211445220,0
211447960,0
211452000,0
211457700,0
211460410,0
211460690,0
211462760,0
211464420,0
211473470,0
211474990,0
211477060,4
211493380,3
211512630,0
211514540,0
211516210,0
211517200,0
211519000,0
211532870,0
211534760,1
211543450,0
211543850,0
211546740,1
211548430,0
211549160,0
211549170,0
211551940,3
211552710,0
211572830,0
211590700,0
211593750,0
211594520,0
211594530,0
211601590,0
211603970,0
211609560,0
211611070,0
211613730,2
211614010,0
211624750,0
211624870,0
211629290,0
211632740,0
211634540,0
211647900,0
211648000,0
211651920,0
211673560,0
211673570,0
211686000,0
211691020,0
211701340,0
211718360,0
211727510,8
211731030,0
211736820,0
211757470,0
211757540,0
211771340,0
211782080,0
211783270,0
211784710,0
211789170,0
211795250,0
211796430,0
211798910,0
211800420,0
211805140,0
211807040,0
211812920,0
211815680,4
211815690,0
211817600,0
211817650,1
211824000,0
211833370,0
211833390,2
211836130,0
211839040,0
211857440,0
211865680,0
211866190,0
211869710,3
211870240,7
211872380,0
211872870,1
211878330,0
211881570,0
211910000,0
212006000,3
212372000,7
212499000,0
212519000,0
212536000,2
212613000,0
212797000,0
212882000,3
212900000,5
212934000,2
215064000,0
215116000,0
215178000,1
215382000,4
215468000,17
215489000,34
215516000,0
215622000,1
215644000,0
215793000,0
215877000,4
218000630,0
218005000,1
218008130,1
218022078,0
218030270,1
218030430,0
218037430,0
218037720,0
218039370,0
218039730,0
218043440,1
218047870,0
218055710,3
218058660,0
218061300,0
218098000,2
218172000,0
218179000,0
218197000,0
218298000,0
218346000,0
218413000,0
218492000,0
218762000,1
218767000,0
218795000,11
218800000,0
218805000,0
218816000,10
218836000,0
218856000,0
218858000,0
219000003,0
219000121,0
219000125,0
219000126,0
219000155,1
219000158,0
219000159,0
219000161,0
219000166,0
219000167,0
219000174,3
219000175,0
219000176,0
219000177,0
219000178,2
219000179,22
219000181,0
219000182,0
219000183,0
219000184,0
219000185,0
219000186,0
219000187,0
219000188,0
219000191,0
219000192,0
219000193,0
219000195,0
219000217,1
219000245,0
219000333,0
219000368,0
219000407,0
219000416,0
219000417,0
219000429,4
219000431,8
219000472,0
219000474,0
219000543,0
219000549,0
219000551,0
219000552,1
219000553,1
219000558,0
219000575,0
219000577,7
219000581,0
219000583,0
219000584,0
219000603,0
219000604,13
219000606,0
219000615,0
219000617,0
219000618,0
219000622,0
219000632,0
219000643,0
219000647,0
219000657,0
219000674,0
219000675,0
219000692,0
219000733,0
219000734,0
219000742,0
219000751,0
219000762,0
219000771,0
219000775,0
219000781,0
219000804,0
219000805,0
219000809,0
219000811,0
219000818,0
219000827,0
219000836,0
219000851,0
219000855,0
219000859,0
219000872,0
219000873,0
219000875,0
219000881,0
219000892,0
219000895,0
219000896,0
219000897,0
219000899,0
219000923,0
219000933,0
219000934,0
219000942,0
219000962,0
219000988,0
219001013,0
219001058,0
219001061,0
219001063,0
219001083,0
219001111,0
219001125,0
219001149,1
219001181,0
219001182,0
219001185,0
219001189,0
219001214,0
219001236,0
219001239,0
219001253,0
219001262,0
219001265,0
219001266,0
219001275,0
219001284,0
219001306,0
219001343,0
219001362,0
219001431,0
219001468,0
219001514,0
219001518,0
219001522,0
219001553,0
219001569,0
219001587,0
219001604,0
219001619,0
219001642,0
219001647,0
219001695,0
219001764,0
219001771,0
219001819,6
219001849,0
219001959,0
219002005,0
219002023,0
219002051,14
219002066,0
219002136,0
219002149,0
219002176,0
219002177,1
219002269,0
219002307,0
219002312,0
219002332,3
219002339,0
219002349,0
219002358,0
219002392,1
219002409,0
219002416,0
219002418,0
219002464,0
219002493,0
219002565,2
219002585,0
219002586,0
219002587,0
219002602,0
219002624,0
219002656,0
219002661,0
219002684,0
219002686,0
219002719,0
219002731,0
219002732,0
219002761,0
219002764,0
219002769,0
219002774,0
219002785,0
219002786,0
219002798,0
219002801,0
219002823,0
219002827,0
219002838,0
219002856,0
219002857,1
219002874,0
219002962,5
219002973,0
219002981,0
219002998,0
219003038,0
219003103,0
219003113,0
219003121,0
219003122,0
219003138,7
219003141,0
219003217,0
219003232,0
219003249,0
219003315,0
219003342,0
219003369,0
219003381,0
219003383,0
219003406,0
219003446,0
219003452,0
219003485,0
219003561,0
219003656,0
219003826,0
219003879,0
219003959,0
219003966,3
219004002,0
219004043,0
219004125,0
219004128,1
219004145,0
219004179,0
219004203,3
219004242,0
219004259,0
219004265,0
219004266,0
219004279,0
219004307,0
219004355,0
219004365,0
219004431,0
219004432,0
219004473,0
219004529,0
219004596,0
219004616,0
219004668,0
219004819,0
219004896,0
219004903,0
219004907,0
219005059,0
219005068,0
219005109,0
219005216,0
219005313,0
219005323,0
219005356,0
219005385,0
219005453,0
219005454,1
219005474,0
219005477,1
219005496,0
219005511,0
219005513,0
219005583,0
219005659,0
219005671,0
219005732,0
219005763,0
219005787,0
219005803,0
219005826,0
219005827,0
219005866,0
219005867,0
219005878,6
219005886,0
219005887,0
219005893,0
219005901,0
219005902,0
219005909,4
219005921,0
219005929,0
219005931,5
219005953,0
219005954,0
219005956,0
219005964,0
219005969,0
219005979,0
219005998,0
219006012,0
219006024,1
219006026,0
219006091,10
219006092,0
219006099,0
219006113,0
219006115,0
219006152,0
219006164,0
219006219,1
219006248,0
219006283,0
219006284,0
219006301,0
219006304,0
219006328,2
219006331,0
219006382,0
219006383,0
219006389,0
219006437,0
219006443,0
219006514,0
219006552,0
219006563,0
219006598,0
219006622,0
219006719,0
219006795,0
219006835,0
219006918,0
219006971,0
219007027,0
219007034,0
219007036,0
219007078,0
219007101,0
219007155,0
219007234,0
219007313,2
219007314,0
219007362,0
219007363,0
219007366,0
219007393,0
219007401,0
219007404,0
219007421,0
219007456,0
219007457,0
219007462,0
219007471,0
219007572,0
219007577,0
219007596,0
219007641,0
219007671,0
219007678,0
219007679,0
219007705,0
219007727,0
219007781,0
219007835,0
219007898,0
219007925,0
219007932,0
219007937,0
219007964,0
219007967,0
219008000,1
219008089,0
219008145,0
219008177,0
219008384,0
219008474,0
219008746,0
219008783,0
219009041,0
219009042,0
219009081,0
219009101,0
219009135,0
219009183,0
219009229,0
219009331,0
219009335,0
219009338,0
219009353,0
219009412,0
219009414,0
219009415,0
219009763,0
219009799,0
219009897,0
219009907,0
219010244,0
219010246,0
219010247,1
219010252,0
219010487,0
219010518,0
219010706,7
219010747,0
219010764,0
219010818,0
219010873,0
219010921,20
219011018,0
219011021,0
219011032,3
219011048,0
219011069,0
219011074,0
219011136,0
219011179,0
219011201,0
219011224,0
219011225,0
219011231,0
219011234,0
219011283,0
219011289,0
219011325,0
219011491,2
219011493,0
219011624,0
219011764,0
219011867,0
219011894,0
219011953,0
219012073,0
219012076,0
219012148,0
219012162,0
219012175,0
219012275,0
219012302,0
219012332,0
219012344,0
219012351,0
219012459,0
219012477,0
219012511,5
219012521,0
219012563,0
219012639,0
219012671,0
219012753,0
219012788,0
219012789,0
219012793,0
219013005,0
219013178,0
219013192,0
219013359,0
219013391,0
219013485,0
219013514,0
219013538,0
219013577,0
219013596,0
219013667,0
219013885,0
219013933,0
219013964,0
219013968,0
219013969,0
219013976,0
219014012,0
219014054,0
219014072,0
219014096,0
219014161,0
219014162,0
219014192,0
219014219,1
219014244,0
219014267,3
219014374,0
219014399,0
219014412,0
219014435,0
219014436,0
219014461,0
219014519,0
219014579,0
219014692,0
219014753,0
219014818,0
219014875,0
219014974,0
219015103,0
219015127,0
219015153,0
219015161,0
219015182,0
219015186,0
219015233,0
219015298,3
219015302,0
219015318,0
219015321,0
219015332,0
219015338,0
219015359,0
219015361,0
219015362,0
219015382,0
219015384,0
219015403,0
219015425,0
219015427,0
219015497,0
219015532,0
219015573,0
219015579,0
219015583,0
219015595,0
219015604,0
219015617,0
219016144,0
219016223,0
219016306,0
219016547,0
219016555,23
219016577,0
219016599,0
219016601,0
219016615,0
219016645,0
219016663,2
219016664,0
219016665,10
219016667,0
219016668,0
219016682,1
219016683,0
219016689,0
219016692,0
219016709,0
219016715,0
219016747,0
219016748,0
219016759,13
219016781,0
219016806,0
219016821,0
219016832,1
219016847,0
219016873,4
219016906,0
219016938,19
219016966,0
219016983,0
219017009,0
219017081,0
219017204,0
219017288,0
219017325,0
219017327,0
219017382,0
219017664,1
219017733,0
219017784,0
219017815,0
219017843,0
219017886,0
219017895,1
219017896,0
219017917,0
219017935,0
219017944,0
219017945,0
219017946,0
219017947,0
219018042,0
219018044,0
219018172,8
219018255,0
219018258,0
219018271,25
219018272,0
219018456,0
219018486,0
219018493,0
219018494,0
219018526,0
219018636,0
219018669,5
219018737,0
219018788,0
219018833,0
219018851,11
219018865,0
219018892,0
219018998,0
219019010,0
219019011,0
219019012,0
219019014,1
219019016,0
219019024,0
219019041,1
219019044,0
219019067,0
219019139,2
219019219,0
219019354,0
219019441,0
219019564,0
219019579,8
219019688,0
219019693,0
219019804,0
219019815,0
219019853,0
219019887,27
219019933,0
219019936,6
219020041,0
219020125,0
219020187,0
219020188,0
219020391,0
219020398,3
219020533,0
219020549,0
219020566,0
219020572,0
219020578,0
219020687,0
219020920,0
219021060,0
219021119,0
219021176,0
219021235,0
219021244,0
219021266,0
219021294,0
219021300,0
219021335,0
219021343,0
219021428,0
219021504,0
219021578,1
219021580,0
219021584,2
219021596,2
219021782,0
219021870,0
219022047,0
219022081,0
219022094,1
219022126,2
219022256,2
219022257,14
219022260,0
219022265,0
219022267,0
219022300,3
219022303,0
219022326,0
219022341,0
219022352,0
219022362,0
219022389,0
219022390,0
219022479,2
219022580,0
219022614,0
219022786,0
219022802,0
219022828,0
219022874,18
219022903,19
219023015,0
219023054,0
219023116,0
219023274,0
219023312,0
219023313,0
219023392,0
219023436,0
219023467,0
219023531,17
219023588,0
219023617,0
219023648,3
219023664,0
219023731,0
219023737,0
219023738,0
219023752,0
219023811,0
219023833,0
219023834,0
219023911,0
219023936,0
219023945,2
219024000,0
219024035,0
219024175,1
219024176,1
219024177,1
219024178,2
219024185,0
219024194,0
219024281,0
219024284,0
219024330,0
219024336,1
219024402,0
219024411,0
219024472,0
219024524,0
219024597,0
219024604,0
219024651,0
219024675,1
219024676,0
219024678,0
219024698,0
219024702,0
219024715,0
219024783,0
219024784,1
219024789,0
219024794,0
219024815,0
219024831,0
219024846,0
219024886,0
219024915,2
219024923,0
219024924,4
219024955,0
219025017,0
219025072,0
219025125,0
219025188,0
219025221,0
219025236,0
219025245,0
219025274,0
219025446,0
219025478,0
219025523,0
219025528,0
219025708,0
219025731,0
219025739,0
219025740,0
219025774,0
219025783,0
219025891,0
219025976,0
219025992,0
219026000,5
219026004,0
219026015,0
219026048,0
219026079,0
219026081,0
219026119,0
219026147,0
219026170,0
219026172,0
219026175,0
219026197,3
219026199,0
219026202,0
219026257,0
219026261,4
219026300,0
219026304,0
219026391,0
219026443,0
219026457,0
219026459,0
219026489,0
219026490,0
219026536,0
219026540,0
219026558,0
219026591,0
219026672,0
219026686,0
219026706,0
219026749,0
219026899,0
219027026,0
219027084,0
219027205,0
219027290,0
219027298,0
219027308,7
219027309,15
219027310,0
219027328,0
219027339,0
219027645,0
219027656,0
219027684,0
219027735,0
219027752,0
219027755,0
219027781,0
219027790,0
219027804,0
219027893,0
219027899,0
219027963,0
219027992,0
219028000,0
219028008,0
219028021,0
219028028,0
219028043,0
219028066,0
219028104,0
219028115,0
219028116,9
219028118,0
219028133,5
219028144,0
219028158,0
219028185,0
219028256,0
219028267,0
219028268,0
219028337,0
219028501,0
219028517,0
219028635,0
219028695,0
219028794,0
219028839,3
219028878,0
219028881,0
219028949,0
219028965,0
219028973,0
219029055,0
219029112,0
219029135,0
219029177,0
219029233,0
219029329,0
219029338,0
219029340,0
219029349,0
219029367,0
219029386,0
219029420,0
219029453,0
219029466,0
219029468,0
219029523,0
219029555,0
219029563,0
219029575,0
219029576,0
219029577,2
219029637,0
219029647,0
219029665,0
219029675,0
219029698,3
219029699,0
219029703,0
219029706,0
219029707,0
219029708,0
219029714,0
219029726,0
219029731,0
219029751,0
219029769,8
219029785,0
219029786,0
219029805,0
219029817,0
219029878,0
219029880,0
219029886,0
219029906,0
219029960,0
219029963,0
219030005,0
219030008,0
219030015,0
219030040,0
219030113,0
219030118,0
219030123,0
219030124,0
219030200,0
219030216,0
219030336,0
219030383,0
219030406,0
219030412,0
219030452,0
219030525,0
219030533,0
219030561,0
219030581,0
219030593,3
219030656,0
219030764,0
219030885,0
219030948,0
219031087,0
219031111,0
219031157,0
219031164,0
219031274,0
219031289,0
219031336,3
219031339,0
219031417,0
219031421,0
219031423,0
219031428,0
219031429,0
219031446,0
219031479,0
219031487,15
219031520,0
219031605,0
219031645,0
219031721,0
219031724,0
219031731,0
219031740,0
219031752,0
219031754,0
219031797,0
219031866,0
219031879,0
219032016,0
219032031,0
219032173,0
219032276,0
219032297,0
219032300,0
219032310,0
219032344,0
219032365,0
219032368,0
219032380,0
219032520,0
219032609,0
219032616,0
219032635,0
219032649,0
219032650,0
219032670,0
219032797,3
219032811,0
219032845,0
219032848,0
219032869,0
219032890,0
219032932,1
219032946,0
219032956,2
219032961,0
219032994,0
219032995,0
219033013,0
219033037,0
219033041,0
219033042,0
219033077,0
219033078,0
219033088,0
219033089,0
219033125,0
219033135,0
219033166,2
219033187,0
219033214,0
219033221,0
219033285,0
219033345,0
219033549,0
219033608,0
219033720,0
219033832,0
219033913,0
219034002,0
219034014,0
219034015,0
219034043,0
219034145,0
219034187,0
219034290,0
219034295,0
219034334,0
219034345,0
219034353,0
219034386,0
219034450,0
219036000,8
219043000,0
219044034,0
219045000,0
219063000,0
219065000,0
219076000,7
219105000,6
219106000,2
219111111,0
219111114,0
219113000,4
219115000,0
219123000,0
219158000,0
219159000,0
219164000,2
219166000,2
219167000,0
219168000,0
219170000,0
219173000,0
219186000,0
219203000,0
219230000,4
219236000,0
219244000,5
219250000,0
219262000,0
219281000,12
219298000,6
219299000,0
219304000,13
219309000,0
219313000,3
219329000,0
219333000,0
219340000,0
219348000,9
219355000,1
219358000,8
219370000,0
219381000,0
219385000,0
219387000,2
219419000,1
219421000,1
219423000,7
219429000,0
219435000,22
219437000,13
219438000,0
219439000,0
219440000,0
219448000,0
219449000,0
219455000,0
219459000,0
219461000,5
219464000,4
219472000,0
219501000,0
219523000,3
219531000,0
219538000,0
219543000,45
219551000,0
219560000,12
219570000,0
219573000,3
219590000,0
219592000,2
219613000,0
219615000,0
219616000,0
219622000,5
219630000,0
219668000,0
219669000,0
219670000,0
219679000,0
219705000,13
219709000,0
219730000,0
219775000,12
219777000,0
219783000,0
219786000,4
219787000,0
219793000,0
219794000,0
219796000,0
219798000,0
219801000,0
219812000,0
219814000,0
219825000,0
219837000,0
219849000,0
219850000,0
219862000,0
219871000,0
219872000,0
219904000,0
219921000,1
219923000,0
219944000,0
219945000,4
219948000,0
219959000,0
219965000,0
219997000,0
220000051,0
220000054,0
220001000,0
220003000,0
220018000,2
220024000,1
220038000,0
220043000,0
220046000,0
220051000,0
220053927,0
220068000,1
220071000,0
220072000,0
220076000,0
220076700,0
220088000,0
220092000,0
220099000,0
220100000,0
220114000,0
220135000,0
220138000,0
220141000,0
220181000,0
220192000,0
220204000,2
220205000,0
220223000,0
220225000,2
220228000,0
220256000,0
220257000,0
220259000,0
220272000,0
220276000,0
220278000,0
220279000,0
220282000,0
220283000,0
220295000,0
220304000,0
220307000,0
220317000,0
220323000,0
220329000,0
220333000,0
220334000,0
220336000,0
220339000,0
220341000,0
220343000,0
220345000,0
220349000,0
220352000,1
220356000,1
220359000,0
220368000,0
220383000,0
220428000,0
220431000,1
220432000,0
220434000,0
220435000,0
220436000,0
220464000,8
220466000,0
220474000,0
220476000,2
220490000,0
220507000,1
220544000,0
220614000,2
220622000,0
220625000,0
226341000,0
227120820,0
227939430,0
228233600,0
228467900,0
228468900,0
229070000,0
229203000,12
229248000,0
229399000,0
229446000,110
229631000,8
229716000,1
229720000,25
229732000,8
229849000,0
229983000,0
230039000,3
230042000,8
230091950,9
230187320,0
230351000,0
230352000,9
230617000,10
230642000,9
230644000,0
230649000,17
230683000,1
230687000,1
230688000,0
230690000,1
230693000,0
230697000,4
230698000,0
230700000,4
230719000,0
230942970,0
230981000,10
230987000,7
231025000,0
231048000,0
231074000,0
231075000,0
231234000,5
231336000,0
231355000,0
231789000,0
231800000,4
231807000,0
231809000,0
231848000,0
231852000,2
231859000,0
231872000,0
231875000,0
231884000,0
231887000,0
231898000,0
232003652,2
232005600,0
232005627,0
232008661,0
232008874,0
232009818,0
232010153,0
232018395,0
232020276,0
232020872,0
232024313,2
232025009,9
232025959,1
232027489,0
232051641,1
232053671,0
232054785,0
232419000,0
232746000,0
232866000,0
235003400,0
235003431,0
235006758,0
235008380,1
235009880,1
235033145,0
235060914,1
235074473,0
235078256,0
235081865,0
235089284,14
235091458,0
235094449,0
235100414,0
235102532,0
235103057,2
235106475,0
235108458,0
235108492,0
235108529,0
235112065,0
235113771,0
235116577,0
235116828,0
236108000,7
236111791,0
236111817,0
236111849,0
236112740,0
236306000,15
236509000,0
236553000,0
236734000,1
236744000,1
238056000,0
240894000,0
241283000,0
241489000,0
244020613,21
244024000,1
244026166,0
244036000,1
244061000,0
244086000,0
244090224,0
244090800,9
244110640,0
244130526,0
244130641,2
244140000,0
244150648,1
244201000,1
244246000,0
244251000,0
244281000,4
244335000,0
244341000,0
244468000,0
244475000,0
244482000,9
244519000,8
244534000,0
244575000,0
244580000,0
244582000,0
244590000,0
244613000,1
244621000,0
244641000,0
244642000,5
244643000,0
244645000,0
244678000,0
244703000,6
244710047,0
244710741,0
244710742,0
244710825,0
244712000,0
244723000,0
244724000,0
244736000,2
244740080,0
244750806,0
244750825,0
244780569,2
244790047,6
244790715,0
244810475,0
244828000,3
244830818,0
244834000,0
244850087,2
244853000,13
244855000,64
244860255,0
244860278,0
244860678,0
244870072,0
244870327,0
244880000,0
244890000,1
244890901,0
244944000,10
244967000,0
244994000,0
245015000,0
245043000,0
245050000,6
245057000,0
245073000,0
245088000,3
245147000,13
245180000,3
245190000,1
245226000,6
245230000,0
245242000,1
245257000,0
245279000,3
245286000,3
245313000,0
245338000,7
245341000,0
245371000,0
245399000,0
245404000,0
245455000,0
245457000,0
245466000,2
245489000,0
245535000,1
245618000,34
245662000,9
245693000,0
245746000,3
245808000,1
245809000,0
245816000,0
245864000,0
245875000,0
245901000,2
245909000,0
246058000,0
246061000,24
246065000,0
246100000,0
246133000,3
246134000,0
246135000,1
246141000,2
246179000,0
246188000,0
246191000,0
246262000,0
246375000,0
246375001,0
246389000,0
246415000,3
246443000,0
246478000,0
246479000,0
246521000,1
246556000,19
246566000,0
246575000,0
246607000,0
246620000,10
246645000,10
246651000,0
246669000,4
246697000,0
246702000,0
246765000,2
246766000,3
246776000,0
246777000,0
246782000,11
246793000,0
246818000,0
246819000,0
246823000,0
246830000,0
246846000,1
246852000,0
246854000,0
246867000,25
246878000,4
246910000,0
246924000,0
246925000,0
246954000,0
247019600,0
247379500,0
247386800,0
247389200,11
248020000,1
248153000,0
248219000,0
248713000,0
248789000,4
248886000,156
248888000,0
248910000,0
248941000,2
248993000,49
249127000,0
249145000,3
249255000,0
249302000,0
249637000,0
249658000,1
249706000,0
249803000,0
249904000,0
249923000,0
249934000,6
249960000,0
250004214,0
250005692,0
251267110,0
251848740,0
253000045,0
253000046,0
253747000,1
255705000,29
255769000,1
255792000,0
255801270,0
255802570,0
255802940,0
255802950,81
255803560,11
255805390,0
255805568,1
255805594,0
255805640,0
255805881,0
255805899,0
255805916,8
255805952,5
255805955,0
255805956,0
255806113,0
255806151,1
255806175,0
255806206,0
255806224,5
255806258,2
255806300,1
255806310,0
255806328,4
255806353,0
255806357,0
255806364,1
255806370,0
255806390,4
255806436,14
255806457,0
255806464,1
255806476,0
255806484,8
255806525,1
255807000,0
255814000,1
255815000,17
255915000,0
255915569,0
255915582,0
255915583,0
255915584,0
255915599,0
255915667,0
255915675,0
255915721,0
255915790,0
255915839,5
255915873,0
255915883,2
255915890,12
255915968,0
255915969,0
255954000,21
256227000,0
256242000,1
256247000,0
256336000,0
256380000,0
256434000,1
256717000,9
256883000,5
256959000,0
257027910,0
257031080,0
257035870,0
257048860,0
257058070,0
257064430,0
257067970,2
257076850,1
257100000,0
257101030,0
257102400,0
257115000,2
257136000,10
257141000,6
257182000,23
257186000,0
257206000,0
257207000,3
257273000,0
257278000,0
257286400,0
257306000,2
257339000,0
257377000,0
257385000,0
257437000,0
257461000,0
257475000,0
257477000,0
257561000,0
257562000,0
257574500,0
257581000,0
257600000,0
257608500,0
257637000,0
257667000,9
257687000,0
257708000,3
257737000,24
257739000,0
257742000,2
257754000,0
257755600,0
257759000,0
257769000,0
257782000,16
257786000,0
257819000,0
257836000,4
257861000,0
257895000,0
257896000,0
257898920,0
257941000,0
257959000,0
257960000,0
257980000,0
257998000,0
258004880,0
258027740,0
258035000,4
258042000,5
258045000,0
258055000,0
258076020,0
258092000,2
258124000,0
258129000,0
258152000,0
258269500,0
258283000,0
258349500,0
258498000,0
258514000,0
258542000,0
258572000,0
258637000,0
258656000,0
258687000,0
258715000,22
258761000,0
258824000,0
258825000,0
258849000,7
259027440,0
259028800,0
259034000,6
259040100,0
259041636,0
259110000,40
259128000,0
259196000,0
259210000,0
259222000,7
259255000,1
259305000,0
259372000,0
259490000,6
259622000,0
259859000,0
259959000,2
261000338,0
261000890,0
261002160,0
261002545,0
261003012,0
261003060,0
261003280,0
261003710,0
261004881,1
261005510,0
261006090,0
261013470,1
261018330,0
261018880,1
261023690,0
261045050,0
261061000,0
261099060,0
261275000,1
261535000,0
265001160,0
265002000,0
265003020,0
265007000,0
265012140,2
265017000,0
265019000,0
265026000,0
265027530,0
265028000,0
265029700,0
265029730,0
265031000,12
265031100,0
265032000,8
265032380,0
265034000,3
265035000,0
265035670,0
265036400,1
265036420,0
265038960,0
265041000,1
265042000,10
265043000,0
265044960,0
265048110,0
265049000,0
265051000,13
265051120,0
265053350,0
265054000,0
265056000,0
265066900,0
265069820,0
265177000,5
265410000,4
265411000,234
265412000,0
265463000,6
265500780,0
265501910,0
265502370,0
265504660,0
265504690,0
265504700,0
265507770,0
265509950,0
265511420,0
265511430,0
265511440,0
265513140,0
265513270,0
265513320,0
265513470,0
265513810,0
265514130,0
265514800,0
265514840,0
265518160,0
265519650,0
265522210,0
265522220,0
265522230,0
265522240,0
265522490,0
265522730,0
265523240,0
265523410,0
265524530,0
265526690,0
265527020,0
265527030,0
265527470,0
265527920,0
265531630,0
265542540,0
265547110,0
265547210,0
265547220,0
265547230,0
265547250,0
265547940,0
265549760,5
265550210,0
265551160,0
265563720,0
265565690,0
265568080,0
265570730,0
265571320,0
265572330,0
265573140,0
265579090,0
265581970,1
265586780,0
265586950,0
265586990,0
265588470,0
265592200,0
265594380,0
265595430,0
265600320,0
265606380,0
265607090,0
265608060,0
265610040,0
265610940,0
265610950,1
265611700,0
265621060,0
265627630,0
265650950,0
265650970,0
265674430,3
265675210,0
265675230,0
265688640,0
265693500,0
265695200,0
265695220,0
265696090,0
265698660,0
265698740,2
265703000,0
265704020,0
265708710,0
265714480,0
265723950,0
265724000,0
265724260,0
265732860,0
265738540,0
265739650,0
265754000,0
265755000,0
265756000,0
265757700,0
265761380,0
265768840,0
265768850,0
265768860,0
265779630,0
265781150,0
265781890,0
265787380,0
265788680,0
265793620,0
265797830,22
265798050,0
265807560,0
265810550,0
265812160,0
265812560,0
265816840,0
265821600,0
265826420,0
265828500,0
265829020,0
265831090,0
265859000,20
265866000,4
265874000,6
265952000,0
265960000,0
266052000,0
266057000,0
266065000,1
266066000,0
266076000,0
266128000,0
266139000,0
266143000,0
266145000,0
266155000,0
266163000,0
266166000,0
266169000,0
266186000,0
266203000,0
266212000,0
266220000,3
266235000,1
266239000,12
266262000,11
266266000,0
266274000,0
266288000,0
266322000,0
266331000,16
266332000,0
266336000,0
266343000,8
266348000,0
266365000,0
266367000,0
266381000,0
266388000,0
266394000,0
266413000,0
266416000,7
266428000,0
266436000,0
266437000,0
266452000,0
266458000,0
266460000,0
266461000,0
266465000,26
266467000,0
266468000,6
266470000,2
266472000,0
266473000,0
266475000,3
268246900,0
268249201,2
268251601,0
269112910,0
271001075,0
271050642,0
273215210,1
273258520,0
273612270,3
273613750,0
275334000,1
275497000,0
275504000,0
275511000,1
275515000,1
275518000,0
275523000,2
275539000,1
275540000,3
275541000,0
275545000,0
275546000,0
275549000,0
277354000,0
277399000,2
277408000,26
277550000,1
277584000,0
291001876,0
304010297,0
304011025,2
304011029,0
304021000,0
304047000,2
304081008,0
304146000,0
304196000,0
304217000,7
304219000,0
304220000,0
304244000,0
304264000,0
304323000,2
304374000,6
304559000,2
304571000,1
304633000,0
304778000,5
304783000,0
304819000,3
304829000,1
304855000,0
304932000,0
304936000,0
304948000,0
304957000,0
305056000,0
305108000,34
305155000,3
305178000,0
305211000,0
305279000,2
305286000,0
305287000,0
305288000,0
305299000,6
305313000,0
305425000,3
305426000,1
305440000,0
305445000,0
305446000,0
305502000,0
305531000,4
305540000,0
305575000,1
305597000,0
305620000,0
305655000,0
305661000,4
305733000,1
305850000,0
305929000,0
305967000,0
305983000,0
308271000,5
308688000,0
308919000,0
308924000,1
309186000,0
309998000,5
310805000,0
310850000,0
311000330,8
311000403,22
311000548,0
311000633,5
311000724,0
311000779,0
311000818,0
311001000,4
311001003,10
311001106,0
311001109,1
311001194,23
311001250,0
311001310,1
311001438,1
311001652,1
311015200,1
311027500,7
311818000,0
311947000,5
312994000,0
314180000,0
314237000,4
314258000,0
314377000,3
314397000,0
314424000,0
314549000,2
314550000,0
314605000,0
314630000,6
314656000,1
314789000,15
314811000,0
314826000,1
314982000,0
316003140,0
316015060,15
331100197,0
331184000,0
331746000,4
331983000,0
341069002,0
341412000,0
341832000,0
341988000,1
351236000,0
351588000,5
352001148,12
352001312,0
352001571,10
352001661,9
352001751,0
352001758,0
352001875,0
352001928,0
352002167,4
352002492,0
352002692,1
352002809,0
352002822,6
352002931,2
352003701,23
352004107,0
352004173,0
352004284,0
352004477,34
352004677,1
352005058,0
352146000,29
352709000,1
352871000,0
353136000,0
353323000,16
354418000,0
354540000,4
354643000,1
354744000,0
355077000,8
356388000,0
356899000,0
357214000,0
357347000,3
357544000,5
357568000,0
369215000,0
370149000,0
370251000,0
370271000,0
370424000,0
371473000,1
371753000,8
371830000,0
371950000,0
372049000,0
374007000,81
374069000,0
374956000,7
375052000,0
375354000,0
376846000,9
405000239,46
405000345,1
405000428,0
412068000,1
413490410,0
413536120,0
423543100,2
431024000,0
431573000,0
431808000,0
431989000,0
477019300,1
477194200,1
477318200,0
477321000,27
477552400,0
477867500,0
477931400,0
511100943,0
518100276,0
525008071,0
538002639,0
538002961,0
538002980,8
538003015,0
538003141,1
538003352,1
538003828,1
538004911,0
538005069,0
538005278,0
538005356,0
538005401,0
538006310,0
538006497,1
538006821,0
538006873,0
538007007,0
538007134,28
538007403,0
538007517,0
538008172,0
538008213,0
538008574,0
538009197,0
538009200,0
538009381,11
538009416,0
538010003,9
538010015,0
538010084,0
538010194,2
538010275,0
538010583,6
538010661,0
538010662,0
538010700,0
538010710,0
538010906,1
538071245,12
538090677,0
555555555,0
563043600,0
563070700,0
563076300,0
563078800,1
563113500,1
563176600,0
563196800,0
563223500,2
564011000,4
565448000,0
566071000,0
574005510,2
613467061,31
621889475,0
630001042,1
630001117,40
636013146,1
636013645,7
636014709,0
636015149,19
636015171,2
636015378,0
636015428,6
636015461,0
636015703,0
636015879,25
636015915,6
636016683,0
636017409,1
636017416,1
636017417,0
636018620,0
636018674,1
636018682,20
636018924,0
636018927,0
636018930,3
636019065,0
636019247,6
636019541,7
636019644,0
636020293,0
636020532,0
636020533,0
636020569,0
636020696,6
636020988,0
636021040,0
636021080,0
636021117,16
636021119,0
636021532,0
636021730,2
636021766,0
636021830,24
636022012,31
636022042,0
636022137,0
636022355,0
636022763,20
636023000,0
636023154,0
636023430,1
636023459,0
636023660,0
636023735,0
636023944,8
636023947,35
636024002,0
636024304,2
636024483,4
636024511,0
636024600,0
636024859,0
636092635,0
636093179,0
636093199,33
636093292,0
664288000,1
667002334,0
677064088,0
677088100,0
887233232,1
912191373,0
970015477,0
992111701,0
992111702,0
992111703,0
992111704,0
992111705,0
992111706,0
992111707,0
992111708,0
992111714,0
992111729,0
992111761,0
992111762,0
992111763,0
992111764,0
992111765,0
992111766,0
992111768,0
992111769,0
992111794,0
992111795,0
992111796,0
992111797,0
992111798,0
992111801,0
992111803,0
992111805,0
992111806,0
992111807,0
992111808,0
992111809,0
992111827,0
992111840,0
992111841,0
992111842,0
992111851,0
992111852,0
992111853,0
992111854,0
992111855,0
992111868,0
992111876,0
992111877,0
992111878,0
992111879,0
992111887,0
992111888,0
992111895,0
992111896,0
992111897,0
992111898,0
992111899,0
992111923,0
992111924,0
992111925,0
992111926,0
992111927,0
992111928,0
992111929,0
992111970,0
992111971,0
992111972,0
992111973,0
992111974,0
992111975,0
992191500,0
992191501,0
992191502,0
992191503,0
992191504,0
992191505,0
992191506,0
992191507,0
992191508,0
992191509,0
992191510,0
992191511,0
992191512,0
992191513,0
992191514,0
992191515,0
992191516,0
992191517,0
992191518,0
992191519,0
992191520,0
992191521,0
992191522,0
992191523,0
992191524,0
992191525,0
992191526,0
992191527,0
992191528,0
992191529,0
992191530,0
992191536,0
992191537,0
992191538,0
992191539,0
992196007,0
992196008,0
992196009,0
992196010,0
992196042,0
992196043,0
992196044,0
992196045,0
992446007,0
992446009,0
992446013,0
992576410,0
992576420,0
992576421,0
992576440,0
992576500,0
992576501,0
992576502,0
992576503,0
992576504,0
992576505,0
992576506,0
992576507,0
992651001,0
992651002,0
992651003,0
992651004,0
992651005,0
992651006,0
992651010,0
992651011,0
992651012,0
992651013,0
992651014,0
992651016,0
992651019,0
992651027,0
992651028,0
992651042,0
992651058,0
992651059,0
992651060,0
992651061,0
992651062,0
992651063,0
992654040,0
995750012,0
995750020,0
995750021,0
